FirstName,LastName,PhoneNumber,Email
John,Doe,123-456-7890,johndoe@example.com
Jane,Smith,987-654-3210,janesmith@example.com
Alice,Johnson,555-012-3456,alicej@example.net
Bob,Brown,444-555-6666,bobbrown@example.org
Emma,Wilson,333-222-1111,emmaw@example.com
Noah,Miller,222-333-4444,noahm@example.net
Olivia,Davis,111-222-3333,oliviad@example.org
Liam,Lee,666-777-8888,liaml@example.com
Sophia,Hernandez,777-888-9999,sophiah@example.net
Mason,Martinez,888-999-0000,masonm@example.org
Isabella,Jackson,999-000-1111,isabellaj@example.com
Jacob,White,000-111-2222,jacobw@example.net
Ava,Lopez,123-123-1234,aval@example.org
William,Gonzalez,321-321-4321,williamg@example.com
Mia,Anderson,213-213-2135,miaa@example.net
Michael,Thomas,312-312-3126,michaelt@example.org
Emily,Taylor,132-132-1327,emilyt@example.com
Ethan,Lee,231-231-2318,ethanl@example.org
Charlotte,Moore,214-214-2149,charlottem@example.net
Alexander,Brown,124-124-1250,alexanderb@example.com
Amelia,Garcia,142-142-1261,ameliag@example.com
James,Harris,412-412-1272,jamesh@example.org
Harper,Clark,241-241-1283,harperc@example.net
Benjamin,Lewis,421-421-1294,benjaminl@example.com
Evelyn,Walker,412-421-1205,evelynw@example.net
Lucas,Robinson,214-214-2116,lucasr@example.org
Abigail,Perez,241-241-2227,abigailp@example.com
Henry,Hall,421-421-2338,henryh@example.net
Ella,Young,124-421-2449,ellay@example.com
Aiden,Allen,214-124-2550,aidena@example.net
